First Name,Middle Name,Last Name,Email,Password,Confirm Password
wwHUCudhoG,avyaTK,MJjELOEj,wwhucudhog.mjjeloej@example.com,QeIeFPvrvjZ,QeIeFPvrvjZ
pYzAbShZ,BFjM,OCTkzQYn,pyzabshz.octkzqyn@example.com,TcbJHfJQiR,TcbJHfJQiR
Qficg,Koypuxs,ieelIAlJuNiD,qficg.ieelialjunid@example.com,dBeFvgjYO,dBeFvgjYO
dKTUmDu,cPTaWw,gDKlKdSzs,dktumdu.gdklkdszs@example.com,wPhCPqvqH,wPhCPqvqH
ehYGCVZ,sfcOLR,KsbqEX,ehygcvz.ksbqex@example.com,CpJKdiEuNOW,CpJKdiEuNOW
jPGylh,bxOnvCF,SCOVmR,jpgylh.scovmr@example.com,ZExwEMMHagao,ZExwEMMHagao
yXEBUBEcpH,yakO,zfxWvka,yxebubecph.zfxwvka@example.com,EHjHskNo,EHjHskNo
DAdASGVYy,BzPR,GhrGpY,dadasgvyy.ghrgpy@example.com,qbOfCTNiDMo,qbOfCTNiDMo
qIjyWg,ebM,BRWGDCYWuN,qijywg.brwgdcywun@example.com,vjFslDIqiSyn,vjFslDIqiSyn
rbHPSwfEA,nTqCpbY,nMOJsMYZIz,rbhpswfea.nmojsmyziz@example.com,fHNENrChEOb,fHNENrChEOb
